,id,falcon3_7b_vote,falcon3_7b_for_prob,falcon3_7b_against_prob,falcon3_7b_abstain_prob
0,042/000002,,,,
1,042/000003,,,,
2,042/000010,,,,
3,042/000011,,,,
4,042/000012,,,,
5,042/000017,,,,
6,042/000021,,,,
7,042/000023,,,,
8,042/000024,,,,
9,042/000032,,,,
10,042/000037,,,,
11,110/000004,,,,
12,110/000005,,,,
13,110/000006,,,,
14,110/000007,,,,
15,110/000008,,,,
16,110/000009,,,,
17,110/000010,,,,
18,110/000010,,,,
19,110/000011,,,,
20,110/000011,,,,
21,110/000012,,,,
22,110/000013,,,,
23,110/000014,,,,
24,110/000015,,,,
25,110/000016,,,,
26,110/000017,,,,
27,110/000018,,,,
28,110/000033,,,,
29,110/000034,,,,
30,110/000034,,,,
31,110/000035,,,,
32,110/000036,,,,
33,110/000037,,,,
34,110/000038,,,,
35,110/000039,,,,
36,110/000040,,,,
37,110/000043,,,,
38,110/000044,,,,
39,110/000053,,,,
40,110/000055,,,,
41,110/000056,,,,
42,110/000057,,,,
43,110/000058,,,,
44,110/000059,,,,
45,110/000060,,,,
46,110/000061,,,,
47,110/000062,,,,
48,110/000063,,,,
49,110/000064,,,,
50,110/000065,,,,
51,110/000066,,,,
52,110/000067,,,,
53,110/000081,,,,
54,110/000082,,,,
55,110/000083,,,,
56,110/000084,,,,
57,110/000085,,,,
58,110/000086,,,,
59,110/000087,,,,
60,110/000088,,,,
61,110/000089,,,,
62,110/000090,,,,
63,110/000091,,,,
64,110/000092,,,,
65,110/000093,,,,
66,110/000094,,,,
67,110/000095,,,,
68,110/000096,,,,
69,110/000097,,,,
70,110/000098,,,,
71,110/000099,,,,
72,121/000002,,,,
73,121/000002,,,,
74,121/000002,,,,
75,121/000003,,,,
76,121/000004,,,,
77,121/000004,,,,
78,121/000004,,,,
79,121/000005,,,,
80,121/000005,,,,
81,121/000005,,,,
82,121/000006,,,,
83,121/000006,,,,
84,121/000006,,,,
85,121/000006,,,,
86,121/000006,,,,
87,121/000006,,,,
88,121/000006,,,,
89,121/000008,,,,
90,121/000010,,,,
91,121/000010,,,,
92,121/000011,,,,
93,121/000011,,,,
94,121/000012,,,,
95,121/000012,,,,
96,121/000012,,,,
97,121/000012,,,,
98,121/000013,,,,
99,121/000013,,,,
100,121/000015,,,,
101,121/000020,,,,
102,121/000078,,,,
103,121/000094,,,,
104,121/000143,,,,
105,122/000001,,,,
106,122/000005,,,,
107,122/000006,,,,
108,122/000011,,,,
109,122/000012,,,,
110,122/000014,,,,
111,122/000016,,,,
112,122/000021,,,,
113,123/000001,,,,
114,127/000001,,,,
115,127/000001,,,,
116,130/000001,,,,
117,155/000005,,,,
118,156/000001,,,,
119,156/000002,,,,
120,162/000006,,,,
121,162/000011,,,,
122,162/000032,,,,
123,162/000065,,,,
124,162/000067,,,,
125,162/000114,,,,
126,162/000140,,,,
127,162/000147,,,,
128,162/000173,,,,
129,230/000002,,,,
130,410/000001,,,,
131,042/000009,,,,
132,042/000015,,,,
133,062/000001,,,,
134,091/000001,,,,
135,091/000001,,,,
136,091/000001,,,,
137,091/000001,,,,
138,091/000001,,,,
139,091/000001,,,,
140,091/000003,,,,
141,091/000003,,,,
142,100/000001,,,,
143,100/000001,,,,
144,102/000001,,,,
145,110/000001,,,,
146,110/000001,,,,
147,110/000001,,,,
148,110/000002,,,,
149,110/000002,,,,
150,110/000003,,,,
151,110/000003,,,,
152,110/000003,,,,
153,110/000004,,,,
154,110/000004,,,,
155,110/000005,,,,
156,110/000005,,,,
157,110/000006,,,,
158,110/000006,,,,
159,110/000007,,,,
160,110/000007,,,,
161,110/000008,,,,
162,110/000008,,,,
163,110/000009,,,,
164,110/000009,,,,
165,110/000010,,,,
166,110/000011,,,,
167,110/000012,,,,
168,110/000012,,,,
169,110/000013,,,,
170,110/000013,,,,
171,110/000014,,,,
172,110/000014,,,,
173,110/000015,,,,
174,110/000015,,,,
175,110/000016,,,,
176,110/000016,,,,
177,110/000017,,,,
178,110/000017,,,,
179,110/000018,,,,
180,110/000018,,,,
181,110/000019,,,,
182,110/000019,,,,
183,110/000020,,,,
184,110/000020,,,,
185,110/000021,,,,
186,110/000021,,,,
187,110/000022,,,,
188,110/000022,,,,
189,110/000023,,,,
190,110/000023,,,,
191,110/000024,,,,
192,110/000024,,,,
193,110/000025,,,,
194,110/000025,,,,
195,110/000026,,,,
196,110/000026,,,,
197,110/000027,,,,
198,110/000027,,,,
199,110/000028,,,,
200,110/000028,,,,
201,110/000029,,,,
202,110/000029,,,,
203,110/000030,,,,
204,110/000030,,,,
205,110/000031,,,,
206,110/000031,,,,
207,110/000032,,,,
208,110/000032,,,,
209,110/000033,,,,
210,110/000033,,,,
211,110/000034,,,,
212,110/000034,,,,
213,110/000035,,,,
214,110/000035,,,,
215,110/000036,,,,
216,110/000036,,,,
217,110/000037,,,,
218,110/000037,,,,
219,110/000038,,,,
220,110/000038,,,,
221,110/000039,,,,
222,110/000039,,,,
223,110/000040,,,,
224,110/000040,,,,
225,110/000041,,,,
226,110/000041,,,,
227,110/000042,,,,
228,110/000042,,,,
229,110/000043,,,,
230,110/000043,,,,
231,110/000044,,,,
232,110/000044,,,,
233,110/000045,,,,
234,110/000045,,,,
235,110/000046,,,,
236,110/000046,,,,
237,110/000047,,,,
238,110/000047,,,,
239,110/000048,,,,
240,110/000048,,,,
241,110/000049,,,,
242,110/000049,,,,
243,110/000050,,,,
244,110/000050,,,,
245,110/000051,,,,
246,110/000051,,,,
247,110/000052,,,,
248,110/000052,,,,
249,110/000054,,,,
250,110/000055,,,,
251,110/000056,,,,
252,110/000057,,,,
253,110/000058,,,,
254,110/000059,,,,
255,110/000060,,,,
256,110/000061,,,,
257,110/000062,,,,
258,110/000063,,,,
259,110/000064,,,,
260,110/000065,,,,
261,110/000066,,,,
262,110/000067,,,,
263,110/000068,,,,
264,110/000069,,,,
265,110/000070,,,,
266,110/000071,,,,
267,110/000072,,,,
268,110/000073,,,,
269,110/000074,,,,
270,110/000075,,,,
271,110/000076,,,,
272,110/000077,,,,
273,110/000078,,,,
274,110/000079,,,,
275,110/000080,,,,
276,110/000081,,,,
277,110/000082,,,,
278,110/000083,,,,
279,110/000084,,,,
280,110/000085,,,,
281,110/000086,,,,
282,110/000087,,,,
283,110/000088,,,,
284,110/000089,,,,
285,110/000090,,,,
286,110/000091,,,,
287,110/000092,,,,
288,110/000093,,,,
289,110/000094,,,,
290,110/000095,,,,
291,110/000096,,,,
292,110/000097,,,,
293,110/000098,,,,
294,110/000099,,,,
295,110/000100,,,,
296,110/000101,,,,
297,110/000102,,,,
298,110/000103,,,,
299,110/000104,,,,
300,110/000105,,,,
301,110/000106,,,,
302,110/000107,,,,
303,110/000108,,,,
304,110/000108,,,,
305,110/000109,,,,
306,110/000109,,,,
307,110/000110,,,,
308,110/000111,,,,
309,110/000112,,,,
310,110/000113,,,,
311,110/000114,,,,
312,110/000115,,,,
313,110/000116,,,,
314,110/000117,,,,
315,110/000118,,,,
316,110/000119,,,,
317,110/000120,,,,
318,110/000121,,,,
319,110/000122,,,,
320,110/000123,,,,
321,110/000124,,,,
322,110/000125,,,,
323,110/000126,,,,
324,110/000127,,,,
325,110/000128,,,,
326,110/000129,,,,
327,110/000130,,,,
328,120/000001,,,,
329,120/000001,,,,
330,120/000001,,,,
331,120/000002,,,,
332,120/000002,,,,
333,120/000002,,,,
334,120/000003,,,,
335,120/000004,,,,
336,120/000004,,,,
337,120/000004,,,,
338,120/000004,,,,
339,120/000009,,,,
340,120/000015,,,,
341,121/000001,,,,
342,121/000001,,,,
343,121/000001,,,,
344,121/000001,,,,
345,121/000002,,,,
346,121/000002,,,,
347,121/000003,,,,
348,121/000004,,,,
349,121/000004,,,,
350,121/000004,,,,
351,121/000004,,,,
352,121/000005,,,,
353,121/000005,,,,
354,121/000005,,,,
355,121/000006,,,,
356,121/000006,,,,
357,121/000006,,,,
358,121/000006,,,,
359,121/000006,,,,
360,121/000006,,,,
361,121/000006,,,,
362,121/000006,,,,
363,121/000006,,,,
364,121/000006,,,,
365,121/000006,,,,
366,121/000006,,,,
367,121/000006,,,,
368,121/000006,,,,
369,121/000006,,,,
370,121/000006,,,,
371,121/000006,,,,
372,121/000006,,,,
373,121/000006,,,,
374,121/000006,,,,
375,121/000006,,,,
376,121/000006,,,,
377,121/000006,,,,
378,121/000006,,,,
379,121/000006,,,,
380,121/000006,,,,
381,121/000006,,,,
382,121/000006,,,,
383,121/000006,,,,
384,121/000006,,,,
385,121/000006,,,,
386,121/000006,,,,
387,121/000006,,,,
388,121/000006,,,,
389,121/000006,,,,
390,121/000006,,,,
391,121/000006,,,,
392,121/000006,,,,
393,121/000006,,,,
394,121/000006,,,,
395,121/000007,,,,
396,121/000007,,,,
397,121/000007,,,,
398,121/000007,,,,
399,121/000007,,,,
400,121/000008,,,,
401,121/000008,,,,
402,121/000008,,,,
403,121/000008,,,,
404,121/000009,,,,
405,121/000010,,,,
406,121/000010,,,,
407,121/000010,,,,
408,121/000012,,,,
409,121/000013,,,,
410,121/000014,,,,
411,121/000014,,,,
412,121/000014,,,,
413,121/000015,,,,
414,121/000015,,,,
415,121/000015,,,,
416,121/000015,,,,
417,121/000016,,,,
418,121/000016,,,,
419,121/000016,,,,
420,121/000016,,,,
421,121/000017,,,,
422,121/000018,,,,
423,121/000018,,,,
424,121/000019,,,,
425,121/000019,,,,
426,121/000020,,,,
427,121/000020,,,,
428,121/000020,,,,
429,121/000020,,,,
430,121/000020,,,,
431,121/000020,,,,
432,121/000020,,,,
433,121/000020,,,,
434,121/000020,,,,
435,121/000020,,,,
436,121/000020,,,,
437,121/000020,,,,
438,121/000020,,,,
439,121/000020,,,,
440,121/000020,,,,
441,121/000020,,,,
442,121/000020,,,,
443,121/000020,,,,
444,121/000020,,,,
445,121/000020,,,,
446,121/000020,,,,
447,121/000020,,,,
448,121/000020,,,,
449,121/000020,,,,
450,121/000020,,,,
451,121/000020,,,,
452,121/000020,,,,
453,121/000020,,,,
454,121/000020,,,,
455,121/000020,,,,
456,121/000020,,,,
457,121/000020,,,,
458,121/000020,,,,
459,121/000020,,,,
460,121/000020,,,,
461,121/000020,,,,
462,121/000020,,,,
463,121/000020,,,,
464,121/000020,,,,
465,121/000020,,,,
466,121/000020,,,,
467,121/000020,,,,
468,121/000020,,,,
469,121/000020,,,,
470,121/000020,,,,
471,121/000020,,,,
472,121/000020,,,,
473,121/000021,,,,
474,121/000022,,,,
475,121/000023,,,,
476,121/000023,,,,
477,121/000023,,,,
478,121/000023,,,,
479,121/000024,,,,
480,121/000025,,,,
481,121/000025,,,,
482,121/000025,,,,
483,121/000026,,,,
484,121/000027,,,,
485,121/000029,,,,
486,121/000029,,,,
487,121/000030,,,,
488,121/000030,,,,
489,121/000031,,,,
490,121/000032,,,,
491,121/000033,,,,
492,121/000033,,,,
493,121/000033,,,,
494,121/000034,,,,
495,121/000035,,,,
496,121/000035,,,,
497,121/000035,,,,
498,121/000035,,,,
499,121/000035,,,,
500,121/000035,,,,
501,121/000035,,,,
502,121/000035,,,,
503,121/000035,,,,
504,121/000035,,,,
505,121/000035,,,,
506,121/000035,,,,
507,121/000035,,,,
508,121/000035,,,,
509,121/000035,,,,
510,121/000035,,,,
511,121/000035,,,,
512,121/000035,,,,
513,121/000035,,,,
514,121/000035,,,,
515,121/000035,,,,
516,121/000035,,,,
517,121/000035,,,,
518,121/000035,,,,
519,121/000035,,,,
520,121/000035,,,,
521,121/000035,,,,
522,121/000035,,,,
523,121/000035,,,,
524,121/000035,,,,
525,121/000035,,,,
526,121/000035,,,,
527,121/000035,,,,
528,121/000035,,,,
529,121/000035,,,,
530,121/000035,,,,
531,121/000035,,,,
532,121/000035,,,,
533,121/000035,,,,
534,121/000035,,,,
535,121/000035,,,,
536,121/000035,,,,
537,121/000035,,,,
538,121/000035,,,,
539,121/000035,,,,
540,121/000035,,,,
541,121/000035,,,,
542,121/000035,,,,
543,121/000035,,,,
544,121/000035,,,,
545,121/000035,,,,
546,121/000035,,,,
547,121/000035,,,,
548,121/000035,,,,
549,121/000035,,,,
550,121/000035,,,,
551,121/000035,,,,
552,121/000035,,,,
553,121/000035,,,,
554,121/000035,,,,
555,121/000035,,,,
556,121/000035,,,,
557,121/000035,,,,
558,121/000035,,,,
559,121/000035,,,,
560,121/000035,,,,
561,121/000035,,,,
562,121/000035,,,,
563,121/000035,,,,
564,121/000035,,,,
565,121/000035,,,,
566,121/000035,,,,
567,121/000035,,,,
568,121/000035,,,,
569,121/000035,,,,
570,121/000035,,,,
571,121/000035,,,,
572,121/000035,,,,
573,121/000035,,,,
574,121/000035,,,,
575,121/000035,,,,
576,121/000035,,,,
577,121/000035,,,,
578,121/000035,,,,
579,121/000035,,,,
580,121/000035,,,,
581,121/000035,,,,
582,121/000035,,,,
583,121/000035,,,,
584,121/000036,,,,
585,121/000036,,,,
586,121/000038,,,,
587,121/000040,,,,
588,121/000041,,,,
589,121/000043,,,,
590,121/000045,,,,
591,121/000045,,,,
592,121/000046,,,,
593,121/000046,,,,
594,121/000047,,,,
595,121/000049,,,,
596,121/000050,,,,
597,121/000051,,,,
598,121/000051,,,,
599,121/000051,,,,
600,121/000051,,,,
601,121/000053,,,,
602,121/000053,,,,
603,121/000053,,,,
604,121/000056,,,,
605,121/000056,,,,
606,121/000056,,,,
607,121/000056,,,,
608,121/000056,,,,
609,121/000058,,,,
610,121/000058,,,,
611,121/000061,,,,
612,121/000062,,,,
613,121/000062,,,,
614,121/000062,,,,
615,121/000063,,,,
616,121/000063,,,,
617,121/000063,,,,
618,121/000064,,,,
619,121/000064,,,,
620,121/000065,,,,
621,121/000066,,,,
622,121/000066,,,,
623,121/000066,,,,
624,121/000067,,,,
625,121/000068,,,,
626,121/000070,,,,
627,121/000070,,,,
628,121/000070,,,,
629,121/000070,,,,
630,121/000070,,,,
631,121/000070,,,,
632,121/000070,,,,
633,121/000070,,,,
634,121/000070,,,,
635,121/000070,,,,
636,121/000070,,,,
637,121/000070,,,,
638,121/000070,,,,
639,121/000070,,,,
640,121/000070,,,,
641,121/000070,,,,
642,121/000070,,,,
643,121/000070,,,,
644,121/000070,,,,
645,121/000070,,,,
646,121/000070,,,,
647,121/000070,,,,
648,121/000070,,,,
649,121/000070,,,,
650,121/000070,,,,
651,121/000070,,,,
652,121/000070,,,,
653,121/000070,,,,
654,121/000070,,,,
655,121/000070,,,,
656,121/000070,,,,
657,121/000070,,,,
658,121/000070,,,,
659,121/000070,,,,
660,121/000070,,,,
661,121/000070,,,,
662,121/000070,,,,
663,121/000070,,,,
664,121/000070,,,,
665,121/000070,,,,
666,121/000070,,,,
667,121/000070,,,,
668,121/000070,,,,
669,121/000070,,,,
670,121/000070,,,,
671,121/000070,,,,
672,121/000070,,,,
673,121/000070,,,,
674,121/000070,,,,
675,121/000070,,,,
676,121/000070,,,,
677,121/000070,,,,
678,121/000070,,,,
679,121/000070,,,,
680,121/000070,,,,
681,121/000070,,,,
682,121/000070,,,,
683,121/000070,,,,
684,121/000070,,,,
685,121/000070,,,,
686,121/000070,,,,
687,121/000070,,,,
688,121/000070,,,,
689,121/000070,,,,
690,121/000070,,,,
691,121/000070,,,,
692,121/000070,,,,
693,121/000070,,,,
694,121/000070,,,,
695,121/000070,,,,
696,121/000070,,,,
697,121/000070,,,,
698,121/000070,,,,
699,121/000070,,,,
700,121/000070,,,,
701,121/000070,,,,
702,121/000070,,,,
703,121/000070,,,,
704,121/000070,,,,
705,121/000070,,,,
706,121/000070,,,,
707,121/000070,,,,
708,121/000070,,,,
709,121/000070,,,,
710,121/000070,,,,
711,121/000070,,,,
712,121/000070,,,,
713,121/000070,,,,
714,121/000070,,,,
715,121/000070,,,,
716,121/000073,,,,
717,121/000073,,,,
718,121/000073,,,,
719,121/000074,,,,
720,121/000074,,,,
721,121/000074,,,,
722,121/000074,,,,
723,121/000075,,,,
724,121/000075,,,,
725,121/000075,,,,
726,121/000076,,,,
727,121/000076,,,,
728,121/000077,,,,
729,121/000077,,,,
730,121/000077,,,,
731,121/000078,,,,
732,121/000078,,,,
733,121/000079,,,,
734,121/000080,,,,
735,121/000081,,,,
736,121/000081,,,,
737,121/000081,,,,
738,121/000082,,,,
739,121/000082,,,,
740,121/000083,,,,
741,121/000084,,,,
742,121/000084,,,,
743,121/000084,,,,
744,121/000084,,,,
745,121/000088,,,,
746,121/000089,,,,
747,121/000089,,,,
748,121/000090,,,,
749,121/000091,,,,
750,121/000092,,,,
751,121/000092,,,,
752,121/000092,,,,
753,121/000092,,,,
754,121/000093,,,,
755,121/000093,,,,
756,121/000094,,,,
757,121/000095,,,,
758,121/000095,,,,
759,121/000095,,,,
760,121/000096,,,,
761,121/000097,,,,
762,121/000099,,,,
763,121/000100,,,,
764,121/000102,,,,
765,121/000102,,,,
766,121/000102,,,,
767,121/000103,,,,
768,121/000103,,,,
769,121/000103,,,,
770,121/000103,,,,
771,121/000104,,,,
772,121/000104,,,,
773,121/000104,,,,
774,121/000105,,,,
775,121/000105,,,,
776,121/000106,,,,
777,121/000106,,,,
778,121/000107,,,,
779,121/000107,,,,
780,121/000107,,,,
781,121/000108,,,,
782,121/000108,,,,
783,121/000108,,,,
784,121/000109,,,,
785,121/000110,,,,
786,121/000111,,,,
787,121/000111,,,,
788,121/000111,,,,
789,121/000112,,,,
790,121/000112,,,,
791,121/000113,,,,
792,121/000113,,,,
793,121/000113,,,,
794,121/000113,,,,
795,121/000114,,,,
796,121/000114,,,,
797,121/000114,,,,
798,121/000115,,,,
799,121/000116,,,,
800,121/000117,,,,
801,121/000117,,,,
802,121/000117,,,,
803,121/000117,,,,
804,121/000118,,,,
805,121/000118,,,,
806,121/000118,,,,
807,121/000118,,,,
808,121/000119,,,,
809,121/000120,,,,
810,121/000121,,,,
811,121/000121,,,,
812,121/000121,,,,
813,121/000122,,,,
814,121/000122,,,,
815,121/000123,,,,
816,121/000123,,,,
817,121/000123,,,,
818,121/000124,,,,
819,121/000126,,,,
820,121/000127,,,,
821,121/000128,,,,
822,121/000129,,,,
823,121/000130,,,,
824,121/000131,,,,
825,121/000132,,,,
826,121/000133,,,,
827,121/000134,,,,
828,121/000134,,,,
829,121/000136,,,,
830,121/000137,,,,
831,121/000138,,,,
832,121/000139,,,,
833,121/000142,,,,
834,121/000142,,,,
835,121/000142,,,,
836,121/000143,,,,
837,121/000143,,,,
838,121/000144,,,,
839,121/000144,,,,
840,121/000144,,,,
841,121/000150,,,,
842,121/000153,,,,
843,122/000001,,,,
844,122/000002,,,,
845,122/000003,,,,
846,122/000003,,,,
847,122/000004,,,,
848,122/000004,,,,
849,122/000004,,,,
850,122/000004,,,,
851,122/000004,,,,
852,122/000004,,,,
853,122/000006,,,,
854,122/000007,,,,
855,122/000007,,,,
856,122/000008,,,,
857,122/000008,,,,
858,122/000009,,,,
859,122/000009,,,,
860,122/000010,,,,
861,122/000011,,,,
862,122/000015,,,,
863,122/000015,,,,
864,122/000016,,,,
865,122/000016,,,,
866,122/000017,,,,
867,122/000018,,,,
868,122/000019,,,,
869,122/000019,,,,
870,122/000020,,,,
871,122/000020,,,,
872,122/000020,,,,
873,122/000020,,,,
874,122/000022,,,,
875,122/000022,,,,
876,122/000022,,,,
877,122/000024,,,,
878,122/000024,,,,
879,122/000024,,,,
880,122/000024,,,,
881,122/000025,,,,
882,122/000025,,,,
883,122/000026,,,,
884,122/000026,,,,
885,122/000027,,,,
886,122/000027,,,,
887,122/000028,,,,
888,122/000028,,,,
889,122/000031,,,,
890,122/000033,,,,
891,122/000033,,,,
892,122/000034,,,,
893,122/000036,,,,
894,122/000036,,,,
895,122/000036,,,,
896,122/000036,,,,
897,122/000037,,,,
898,122/000037,,,,
899,122/000037,,,,
900,122/000038,,,,
901,122/000038,,,,
902,122/000039,,,,
903,122/000039,,,,
904,122/000042,,,,
905,122/000043,,,,
906,122/000044,,,,
907,122/000044,,,,
908,122/000047,,,,
909,122/000050,,,,
910,122/000050,,,,
911,122/000051,,,,
912,122/000051,,,,
913,122/000051,,,,
914,122/000051,,,,
915,122/000051,,,,
916,122/000052,,,,
917,122/000052,,,,
918,122/000053,,,,
919,122/000054,,,,
920,122/000054,,,,
921,122/000055,,,,
922,122/000056,,,,
923,122/000058,,,,
924,122/000058,,,,
925,122/000059,,,,
926,122/000059,,,,
927,122/000060,,,,
928,122/000060,,,,
929,122/000061,,,,
930,122/000062,,,,
931,122/000062,,,,
932,122/000062,,,,
933,122/000064,,,,
934,122/000065,,,,
935,122/000068,,,,
936,122/000069,,,,
937,122/000070,,,,
938,122/000070,,,,
939,122/000070,,,,
940,122/000071,,,,
941,122/000072,,,,
942,122/000072,,,,
943,122/000075,,,,
944,122/000077,,,,
945,122/000077,,,,
946,122/000077,,,,
947,122/000078,,,,
948,122/000078,,,,
949,122/000079,,,,
950,122/000079,,,,
951,122/000079,,,,
952,122/000081,,,,
953,122/000082,,,,
954,122/000082,,,,
955,122/000083,,,,
956,122/000083,,,,
957,122/000083,,,,
958,122/000084,,,,
959,122/000085,,,,
960,122/000086,,,,
961,122/000086,,,,
962,122/000087,,,,
963,122/000088,,,,
964,122/000088,,,,
965,122/000089,,,,
966,122/000089,,,,
967,122/000089,,,,
968,122/000089,,,,
969,122/000091,,,,
970,122/000092,,,,
971,122/000092,,,,
972,122/000095,,,,
973,122/000096,,,,
974,122/000097,,,,
975,122/000097,,,,
976,122/000097,,,,
977,122/000097,,,,
978,122/000097,,,,
979,122/000098,,,,
980,122/000102,,,,
981,122/000103,,,,
982,122/000105,,,,
983,122/000106,,,,
984,122/000108,,,,
985,122/000109,,,,
986,122/000109,,,,
987,122/000109,,,,
988,122/000110,,,,
989,122/000110,,,,
990,122/000114,,,,
991,122/000114,,,,
992,122/000114,,,,
993,122/000116,,,,
994,122/000117,,,,
995,122/000117,,,,
996,122/000118,,,,
997,122/000118,,,,
998,122/000119,,,,
999,122/000120,,,,
1000,122/000121,,,,
1001,122/000121,,,,
1002,122/000121,,,,
1003,122/000121,,,,
1004,122/000122,,,,
1005,122/000122,,,,
1006,122/000122,,,,
1007,122/000122,,,,
1008,122/000122,,,,
1009,122/000123,,,,
1010,122/000123,,,,
1011,122/000124,,,,
1012,122/000124,,,,
1013,122/000124,,,,
1014,122/000125,,,,
1015,122/000126,,,,
1016,122/000126,,,,
1017,122/000126,,,,
1018,122/000128,,,,
1019,122/000128,,,,
1020,122/000128,,,,
1021,122/000128,,,,
1022,122/000128,,,,
1023,122/000129,,,,
1024,122/000129,,,,
1025,122/000129,,,,
1026,122/000130,,,,
1027,122/000130,,,,
1028,122/000131,,,,
1029,122/000131,,,,
1030,122/000131,,,,
1031,122/000132,,,,
1032,122/000132,,,,
1033,122/000132,,,,
1034,122/000133,,,,
1035,122/000133,,,,
1036,122/000133,,,,
1037,122/000133,,,,
1038,122/000133,,,,
1039,122/000134,,,,
1040,122/000134,,,,
1041,122/000134,,,,
1042,122/000134,,,,
1043,122/000135,,,,
1044,122/000136,,,,
1045,122/000137,,,,
1046,122/000137,,,,
1047,122/000137,,,,
1048,122/000138,,,,
1049,122/000138,,,,
1050,122/000139,,,,
1051,122/000139,,,,
1052,122/000141,,,,
1053,122/000141,,,,
1054,122/000142,,,,
1055,122/000143,,,,
1056,122/000143,,,,
1057,122/000143,,,,
1058,122/000143,,,,
1059,122/000146,,,,
1060,122/000146,,,,
1061,122/000146,,,,
1062,122/000147,,,,
1063,122/000149,,,,
1064,122/000150,,,,
1065,122/000150,,,,
1066,122/000150,,,,
1067,122/000151,,,,
1068,122/000153,,,,
1069,122/000154,,,,
1070,122/000154,,,,
1071,122/000155,,,,
1072,122/000158,,,,
1073,122/000164,,,,
1074,122/000164,,,,
1075,122/000166,,,,
1076,122/000167,,,,
1077,122/000168,,,,
1078,122/000170,,,,
1079,122/000171,,,,
1080,122/000172,,,,
1081,122/000176,,,,
1082,122/000176,,,,
1083,122/000179,,,,
1084,122/000180,,,,
1085,122/000186,,,,
1086,122/000189,,,,
1087,122/000190,,,,
1088,122/000192,,,,
1089,122/000194,,,,
1090,122/000194,,,,
1091,122/000194,,,,
1092,122/000196,,,,
1093,122/000196,,,,
1094,122/000197,,,,
1095,122/000200,,,,
1096,122/000200,,,,
1097,122/000201,,,,
1098,122/000205,,,,
1099,122/000207,,,,
1100,122/000210,,,,
1101,122/000211,,,,
1102,122/000211,,,,
1103,122/000213,,,,
1104,122/000214,,,,
1105,122/000214,,,,
1106,122/000215,,,,
1107,122/000215,,,,
1108,122/000216,,,,
1109,122/000218,,,,
1110,122/000219,,,,
1111,122/000220,,,,
1112,122/000220,,,,
1113,122/000220,,,,
1114,122/000221,,,,
1115,122/000223,,,,
1116,122/000224,,,,
1117,122/000224,,,,
1118,122/000227,,,,
1119,122/000228,,,,
1120,122/000232,,,,
1121,122/000234,,,,
1122,122/000234,,,,
1123,122/000235,,,,
1124,122/000236,,,,
1125,122/000238,,,,
1126,122/000239,,,,
1127,122/000239,,,,
1128,122/000239,,,,
1129,122/000239,,,,
1130,122/000239,,,,
1131,122/000239,,,,
1132,122/000247,,,,
1133,122/000247,,,,
1134,122/000247,,,,
1135,122/000247,,,,
1136,122/000248,,,,
1137,122/000250,,,,
1138,122/000255,,,,
1139,122/000258,,,,
1140,122/000262,,,,
1141,122/000266,,,,
1142,122/000267,,,,
1143,122/000268,,,,
1144,122/000269,,,,
1145,122/000269,,,,
1146,122/000270,,,,
1147,122/000271,,,,
1148,122/000271,,,,
1149,122/000274,,,,
1150,122/000275,,,,
1151,122/000276,,,,
1152,122/000279,,,,
1153,122/000285,,,,
1154,122/000285,,,,
1155,122/000286,,,,
1156,122/000288,,,,
1157,122/000290,,,,
1158,122/000293,,,,
1159,122/000294,,,,
1160,122/000294,,,,
1161,122/000301,,,,
1162,122/000304,,,,
1163,122/000320,,,,
1164,122/000321,,,,
1165,124/000001,,,,
1166,124/000001,,,,
1167,124/000003,,,,
1168,124/000007,,,,
1169,124/000007,,,,
1170,124/000013,,,,
1171,125/000001,,,,
1172,125/000002,,,,
1173,125/000003,,,,
1174,125/000003,,,,
1175,125/000003,,,,
1176,125/000004,,,,
1177,125/000004,,,,
1178,125/000004,,,,
1179,125/000004,,,,
1180,125/000005,,,,
1181,125/000006,,,,
1182,125/000006,,,,
1183,125/000007,,,,
1184,125/000007,,,,
1185,125/000008,,,,
1186,125/000008,,,,
1187,125/000008,,,,
1188,125/000009,,,,
1189,125/000009,,,,
1190,125/000009,,,,
1191,125/000011,,,,
1192,125/000012,,,,
1193,125/000013,,,,
1194,125/000014,,,,
1195,125/000015,,,,
1196,125/000016,,,,
1197,125/000016,,,,
1198,125/000017,,,,
1199,125/000018,,,,
1200,125/000018,,,,
1201,125/000019,,,,
1202,125/000019,,,,
1203,127/000001,,,,
1204,127/000001,,,,
1205,127/000001,,,,
1206,127/000002,,,,
1207,127/000002,,,,
1208,127/000002,,,,
1209,127/000002,,,,
1210,127/000003,,,,
1211,127/000003,,,,
1212,127/000003,,,,
1213,127/000004,,,,
1214,127/000004,,,,
1215,127/000005,,,,
1216,127/000005,,,,
1217,127/000006,,,,
1218,130/000001,,,,
1219,130/000001,,,,
1220,130/000001,,,,
1221,130/000001,,,,
1222,130/000001,,,,
1223,130/000001,,,,
1224,130/000002,,,,
1225,130/000002,,,,
1226,130/000002,,,,
1227,130/000002,,,,
1228,130/000003,,,,
1229,130/000003,,,,
1230,130/000003,,,,
1231,130/000003,,,,
1232,130/000003,,,,
1233,130/000003,,,,
1234,130/000004,,,,
1235,130/000004,,,,
1236,130/000004,,,,
1237,130/000004,,,,
1238,130/000004,,,,
1239,130/000004,,,,
1240,130/000005,,,,
1241,130/000005,,,,
1242,130/000005,,,,
1243,130/000005,,,,
1244,130/000005,,,,
1245,130/000005,,,,
1246,130/000006,,,,
1247,130/000006,,,,
1248,130/000006,,,,
1249,130/000006,,,,
1250,130/000006,,,,
1251,130/000006,,,,
1252,130/000007,,,,
1253,130/000007,,,,
1254,130/000007,,,,
1255,130/000007,,,,
1256,130/000007,,,,
1257,130/000007,,,,
1258,130/000008,,,,
1259,130/000008,,,,
1260,130/000008,,,,
1261,130/000008,,,,
1262,130/000008,,,,
1263,130/000008,,,,
1264,130/000009,,,,
1265,130/000009,,,,
1266,130/000009,,,,
1267,130/000009,,,,
1268,130/000009,,,,
1269,130/000009,,,,
1270,130/000010,,,,
1271,130/000010,,,,
1272,130/000010,,,,
1273,130/000010,,,,
1274,130/000010,,,,
1275,130/000011,,,,
1276,130/000011,,,,
1277,130/000011,,,,
1278,130/000011,,,,
1279,130/000011,,,,
1280,130/000011,,,,
1281,130/000012,,,,
1282,130/000012,,,,
1283,130/000012,,,,
1284,130/000012,,,,
1285,130/000012,,,,
1286,130/000013,,,,
1287,130/000013,,,,
1288,130/000013,,,,
1289,130/000013,,,,
1290,130/000013,,,,
1291,130/000014,,,,
1292,130/000014,,,,
1293,130/000014,,,,
1294,130/000014,,,,
1295,130/000014,,,,
1296,130/000014,,,,
1297,130/000015,,,,
1298,130/000015,,,,
1299,130/000015,,,,
1300,130/000015,,,,
1301,130/000015,,,,
1302,130/000015,,,,
1303,130/000016,,,,
1304,130/000016,,,,
1305,130/000016,,,,
1306,130/000016,,,,
1307,130/000016,,,,
1308,130/000016,,,,
1309,130/000017,,,,
1310,130/000017,,,,
1311,130/000017,,,,
1312,130/000017,,,,
1313,130/000017,,,,
1314,130/000017,,,,
1315,130/000018,,,,
1316,130/000018,,,,
1317,130/000018,,,,
1318,130/000018,,,,
1319,130/000018,,,,
1320,130/000018,,,,
1321,130/000019,,,,
1322,130/000019,,,,
1323,130/000019,,,,
1324,130/000019,,,,
1325,130/000020,,,,
1326,130/000020,,,,
1327,130/000020,,,,
1328,130/000020,,,,
1329,130/000021,,,,
1330,130/000021,,,,
1331,130/000021,,,,
1332,130/000021,,,,
1333,130/000022,,,,
1334,130/000022,,,,
1335,130/000022,,,,
1336,130/000022,,,,
1337,130/000023,,,,
1338,130/000023,,,,
1339,130/000023,,,,
1340,130/000023,,,,
1341,130/000024,,,,
1342,130/000024,,,,
1343,130/000024,,,,
1344,130/000024,,,,
1345,130/000025,,,,
1346,130/000025,,,,
1347,130/000025,,,,
1348,130/000025,,,,
1349,130/000026,,,,
1350,130/000026,,,,
1351,130/000026,,,,
1352,130/000026,,,,
1353,130/000027,,,,
1354,130/000027,,,,
1355,130/000027,,,,
1356,130/000027,,,,
1357,130/000028,,,,
1358,130/000028,,,,
1359,130/000028,,,,
1360,130/000029,,,,
1361,130/000029,,,,
1362,130/000029,,,,
1363,130/000029,,,,
1364,130/000030,,,,
1365,130/000030,,,,
1366,130/000030,,,,
1367,130/000030,,,,
1368,130/000031,,,,
1369,130/000031,,,,
1370,130/000031,,,,
1371,130/000032,,,,
1372,130/000032,,,,
1373,130/000032,,,,
1374,130/000033,,,,
1375,130/000033,,,,
1376,130/000033,,,,
1377,130/000034,,,,
1378,130/000034,,,,
1379,130/000034,,,,
1380,130/000034,,,,
1381,130/000035,,,,
1382,130/000035,,,,
1383,130/000035,,,,
1384,130/000036,,,,
1385,130/000036,,,,
1386,130/000036,,,,
1387,130/000036,,,,
1388,130/000037,,,,
1389,130/000037,,,,
1390,130/000037,,,,
1391,130/000037,,,,
1392,130/000038,,,,
1393,130/000038,,,,
1394,130/000038,,,,
1395,130/000038,,,,
1396,130/000039,,,,
1397,130/000039,,,,
1398,130/000039,,,,
1399,130/000039,,,,
1400,130/000040,,,,
1401,130/000040,,,,
1402,130/000040,,,,
1403,130/000040,,,,
1404,130/000041,,,,
1405,130/000041,,,,
1406,130/000041,,,,
1407,130/000041,,,,
1408,130/000042,,,,
1409,130/000042,,,,
1410,130/000042,,,,
1411,130/000042,,,,
1412,130/000043,,,,
1413,130/000043,,,,
1414,130/000043,,,,
1415,130/000043,,,,
1416,130/000044,,,,
1417,130/000044,,,,
1418,130/000044,,,,
1419,130/000044,,,,
1420,130/000045,,,,
1421,130/000045,,,,
1422,130/000045,,,,
1423,130/000045,,,,
1424,130/000046,,,,
1425,130/000046,,,,
1426,130/000046,,,,
1427,130/000046,,,,
1428,130/000047,,,,
1429,130/000047,,,,
1430,130/000047,,,,
1431,130/000047,,,,
1432,130/000048,,,,
1433,130/000048,,,,
1434,130/000048,,,,
1435,130/000049,,,,
1436,130/000049,,,,
1437,130/000049,,,,
1438,130/000049,,,,
1439,130/000050,,,,
1440,130/000050,,,,
1441,130/000050,,,,
1442,130/000050,,,,
1443,130/000051,,,,
1444,130/000051,,,,
1445,130/000051,,,,
1446,130/000051,,,,
1447,130/000052,,,,
1448,130/000052,,,,
1449,130/000052,,,,
1450,130/000052,,,,
1451,130/000053,,,,
1452,130/000053,,,,
1453,130/000053,,,,
1454,130/000053,,,,
1455,130/000054,,,,
1456,130/000054,,,,
1457,130/000054,,,,
1458,130/000054,,,,
1459,130/000055,,,,
1460,130/000055,,,,
1461,130/000055,,,,
1462,130/000055,,,,
1463,130/000056,,,,
1464,130/000056,,,,
1465,130/000056,,,,
1466,130/000056,,,,
1467,130/000057,,,,
1468,130/000057,,,,
1469,130/000057,,,,
1470,130/000058,,,,
1471,130/000058,,,,
1472,130/000058,,,,
1473,130/000058,,,,
1474,130/000059,,,,
1475,130/000059,,,,
1476,130/000059,,,,
1477,130/000059,,,,
1478,130/000060,,,,
1479,130/000060,,,,
1480,130/000061,,,,
1481,130/000061,,,,
1482,130/000062,,,,
1483,130/000062,,,,
1484,130/000063,,,,
1485,130/000063,,,,
1486,130/000064,,,,
1487,130/000064,,,,
1488,130/000065,,,,
1489,130/000065,,,,
1490,130/000066,,,,
1491,130/000066,,,,
1492,130/000067,,,,
1493,130/000067,,,,
1494,130/000068,,,,
1495,130/000068,,,,
1496,130/000069,,,,
1497,130/000069,,,,
1498,130/000070,,,,
1499,130/000070,,,,
1500,130/000071,,,,
1501,130/000071,,,,
1502,130/000072,,,,
1503,130/000072,,,,
1504,130/000073,,,,
1505,130/000073,,,,
1506,130/000074,,,,
1507,130/000074,,,,
1508,130/000075,,,,
1509,130/000075,,,,
1510,130/000076,,,,
1511,130/000076,,,,
1512,130/000077,,,,
1513,130/000077,,,,
1514,130/000078,,,,
1515,130/000078,,,,
1516,130/000079,,,,
1517,130/000079,,,,
1518,130/000080,,,,
1519,130/000080,,,,
1520,130/000081,,,,
1521,130/000081,,,,
1522,130/000082,,,,
1523,130/000082,,,,
1524,130/000083,,,,
1525,130/000083,,,,
1526,130/000084,,,,
1527,130/000084,,,,
1528,130/000085,,,,
1529,130/000085,,,,
1530,130/000086,,,,
1531,130/000086,,,,
1532,130/000087,,,,
1533,130/000087,,,,
1534,130/000088,,,,
1535,130/000088,,,,
1536,130/000089,,,,
1537,130/000089,,,,
1538,130/000090,,,,
1539,130/000090,,,,
1540,130/000091,,,,
1541,130/000091,,,,
1542,130/000092,,,,
1543,130/000092,,,,
1544,130/000093,,,,
1545,130/000093,,,,
1546,130/000094,,,,
1547,130/000094,,,,
1548,130/000095,,,,
1549,130/000095,,,,
1550,151/000004,,,,
1551,151/000004,,,,
1552,152/000001,,,,
1553,152/000001,,,,
1554,152/000001,,,,
1555,152/000001,,,,
1556,152/000001,,,,
1557,152/000002,,,,
1558,152/000002,,,,
1559,152/000002,,,,
1560,152/000002,,,,
1561,152/000002,,,,
1562,152/000002,,,,
1563,152/000003,,,,
1564,152/000003,,,,
1565,152/000003,,,,
1566,153/000001,,,,
1567,153/000001,,,,
1568,153/000001,,,,
1569,153/000001,,,,
1570,153/000001,,,,
1571,154/000002,,,,
1572,154/000002,,,,
1573,154/000002,,,,
1574,154/000003,,,,
1575,154/000003,,,,
1576,154/000003,,,,
1577,154/000004,,,,
1578,154/000004,,,,
1579,154/000004,,,,
1580,154/000005,,,,
1581,154/000005,,,,
1582,154/000006,,,,
1583,154/000007,,,,
1584,154/000008,,,,
1585,154/000008,,,,
1586,154/000008,,,,
1587,154/000010,,,,
1588,154/000010,,,,
1589,154/000010,,,,
1590,154/000010,,,,
1591,154/000010,,,,
1592,154/000011,,,,
1593,154/000012,,,,
1594,154/000014,,,,
1595,155/000001,,,,
1596,155/000002,,,,
1597,155/000002,,,,
1598,155/000002,,,,
1599,155/000002,,,,
1600,155/000002,,,,
1601,155/000002,,,,
1602,155/000002,,,,
1603,155/000003,,,,
1604,155/000003,,,,
1605,155/000003,,,,
1606,155/000003,,,,
1607,155/000003,,,,
1608,155/000006,,,,
1609,155/000007,,,,
1610,155/000008,,,,
1611,155/000008,,,,
1612,155/000009,,,,
1613,155/000009,,,,
1614,155/000010,,,,
1615,155/000011,,,,
1616,155/000012,,,,
1617,155/000013,,,,
1618,155/000013,,,,
1619,156/000001,,,,
1620,156/000001,,,,
1621,156/000001,,,,
1622,156/000002,,,,
1623,156/000003,,,,
1624,156/000005,,,,
1625,156/000006,,,,
1626,156/000009,,,,
1627,156/000010,,,,
1628,156/000012,,,,
1629,156/000014,,,,
1630,156/000015,,,,
1631,156/000016,,,,
1632,156/000017,,,,
1633,156/000019,,,,
1634,156/000020,,,,
1635,156/000021,,,,
1636,156/000024,,,,
1637,156/000026,,,,
1638,156/000030,,,,
1639,156/000036,,,,
1640,156/000050,,,,
1641,158/000001,,,,
1642,158/000004,,,,
1643,158/000005,,,,
1644,158/000007,,,,
1645,158/000011,,,,
1646,158/000012,,,,
1647,158/000014,,,,
1648,158/000016,,,,
1649,158/000019,,,,
1650,158/000020,,,,
1651,158/000021,,,,
1652,158/000025,,,,
1653,158/000029,,,,
1654,158/000048,,,,
1655,158/000052,,,,
1656,162/000001,,,,
1657,162/000002,,,,
1658,162/000003,,,,
1659,162/000004,,,,
1660,162/000006,,,,
1661,162/000007,,,,
1662,162/000007,,,,
1663,162/000014,,,,
1664,162/000027,,,,
1665,162/000031,,,,
1666,162/000035,,,,
1667,162/000044,,,,
1668,162/000047,,,,
1669,162/000050,,,,
1670,162/000052,,,,
1671,162/000054,,,,
1672,162/000055,,,,
1673,162/000057,,,,
1674,162/000058,,,,
1675,162/000058,,,,
1676,162/000060,,,,
1677,162/000061,,,,
1678,162/000065,,,,
1679,162/000066,,,,
1680,162/000067,,,,
1681,162/000068,,,,
1682,162/000070,,,,
1683,162/000073,,,,
1684,162/000074,,,,
1685,162/000078,,,,
1686,162/000078,,,,
1687,162/000079,,,,
1688,162/000080,,,,
1689,162/000085,,,,
1690,162/000087,,,,
1691,162/000089,,,,
1692,162/000090,,,,
1693,162/000091,,,,
1694,162/000091,,,,
1695,162/000098,,,,
1696,162/000102,,,,
1697,162/000102,,,,
1698,162/000103,,,,
1699,162/000105,,,,
1700,162/000108,,,,
1701,162/000110,,,,
1702,162/000113,,,,
1703,162/000115,,,,
1704,162/000116,,,,
1705,162/000117,,,,
1706,162/000127,,,,
1707,162/000129,,,,
1708,162/000130,,,,
1709,162/000133,,,,
1710,162/000134,,,,
1711,162/000134,,,,
1712,162/000135,,,,
1713,162/000137,,,,
1714,162/000139,,,,
1715,162/000139,,,,
1716,162/000140,,,,
1717,162/000147,,,,
1718,162/000147,,,,
1719,162/000155,,,,
1720,162/000160,,,,
1721,162/000162,,,,
1722,162/000165,,,,
1723,162/000167,,,,
1724,162/000168,,,,
1725,162/000179,,,,
1726,162/000189,,,,
1727,162/000196,,,,
1728,162/000199,,,,
1729,162/000200,,,,
1730,162/000203,,,,
1731,162/000206,,,,
1732,162/000206,,,,
1733,162/000208,,,,
1734,162/000211,,,,
1735,162/000219,,,,
1736,162/000220,,,,
1737,162/000220,,,,
1738,162/000222,,,,
1739,162/000223,,,,
1740,162/000224,,,,
1741,162/000225,,,,
1742,162/000234,,,,
1743,162/000236,,,,
1744,162/000237,,,,
1745,162/000238,,,,
1746,162/000239,,,,
1747,162/000239,,,,
1748,162/000241,,,,
1749,162/000242,,,,
1750,162/000247,,,,
1751,162/000250,,,,
1752,162/000252,,,,
1753,162/000252,,,,
1754,162/000255,,,,
1755,162/000257,,,,
1756,162/000258,,,,
1757,162/000258,,,,
1758,162/000262,,,,
1759,162/000268,,,,
1760,162/000270,,,,
1761,162/000279,,,,
1762,162/000282,,,,
1763,162/000282,,,,
1764,162/000286,,,,
1765,162/000292,,,,
1766,162/000293,,,,
1767,162/000296,,,,
1768,162/000296,,,,
1769,162/000306,,,,
1770,162/000308,,,,
1771,162/000311,,,,
1772,162/000315,,,,
1773,162/000319,,,,
1774,162/000322,,,,
1775,162/000324,,,,
1776,162/000327,,,,
1777,162/000327,,,,
1778,162/000329,,,,
1779,162/000331,,,,
1780,162/000333,,,,
1781,162/000333,,,,
1782,162/000333,,,,
1783,162/000339,,,,
1784,162/000347,,,,
1785,162/000348,,,,
1786,162/000349,,,,
1787,162/000350,,,,
1788,162/000351,,,,
1789,162/000354,,,,
1790,162/000359,,,,
1791,162/000361,,,,
1792,162/000362,,,,
1793,162/000364,,,,
1794,162/000365,,,,
1795,162/000368,,,,
1796,162/000368,,,,
1797,162/000369,,,,
1798,162/000370,,,,
1799,162/000371,,,,
1800,162/000376,,,,
1801,162/000380,,,,
1802,162/000381,,,,
1803,162/000382,,,,
1804,162/000385,,,,
1805,162/000386,,,,
1806,162/000391,,,,
1807,162/000394,,,,
1808,162/000396,,,,
1809,162/000405,,,,
1810,162/000406,,,,
1811,162/000407,,,,
1812,162/000409,,,,
1813,162/000416,,,,
1814,162/000421,,,,
1815,162/000421,,,,
1816,162/000423,,,,
1817,162/000430,,,,
1818,162/000432,,,,
1819,162/000434,,,,
1820,162/000438,,,,
1821,162/000439,,,,
1822,162/000443,,,,
1823,162/000445,,,,
1824,162/000447,,,,
1825,162/000449,,,,
1826,162/000451,,,,
1827,162/000456,,,,
1828,162/000458,,,,
1829,162/000459,,,,
1830,162/000461,,,,
1831,162/000462,,,,
1832,162/000463,,,,
1833,162/000464,,,,
1834,162/000469,,,,
1835,162/000470,,,,
1836,162/000471,,,,
1837,162/000478,,,,
1838,162/000481,,,,
1839,162/000482,,,,
1840,162/000484,,,,
1841,162/000487,,,,
1842,162/000490,,,,
1843,162/000497,,,,
1844,162/000500,,,,
1845,162/000503,,,,
1846,162/000506,,,,
1847,162/000506,,,,
1848,162/000510,,,,
1849,162/000514,,,,
1850,162/000532,,,,
1851,162/000540,,,,
1852,162/000541,,,,
1853,162/000548,,,,
1854,162/000550,,,,
1855,162/000550,,,,
1856,162/000551,,,,
1857,162/000552,,,,
1858,162/000559,,,,
1859,162/000562,,,,
1860,162/000569,,,,
1861,162/000570,,,,
1862,162/000571,,,,
1863,162/000574,,,,
1864,162/000575,,,,
1865,162/000594,,,,
1866,162/000595,,,,
1867,162/000606,,,,
1868,162/000607,,,,
1869,162/000610,,,,
1870,162/000611,,,,
1871,162/000612,,,,
1872,162/000617,,,,
1873,162/000619,,,,
1874,162/000622,,,,
1875,162/000625,,,,
1876,162/000631,,,,
1877,162/000631,,,,
1878,162/000632,,,,
1879,162/000636,,,,
1880,162/000648,,,,
1881,162/000653,,,,
1882,162/000665,,,,
1883,162/000666,,,,
1884,162/000690,,,,
1885,162/000696,,,,
1886,162/000697,,,,
1887,162/000728,,,,
1888,162/000731,,,,
1889,162/000731,,,,
1890,162/000741,,,,
1891,162/000742,,,,
1892,162/000754,,,,
1893,162/000755,,,,
1894,162/000755,,,,
1895,162/000757,,,,
1896,162/000758,,,,
1897,162/000761,,,,
1898,162/000761,,,,
1899,162/000769,,,,
1900,162/000771,,,,
1901,162/000773,,,,
1902,162/000774,,,,
1903,162/000775,,,,
1904,162/000778,,,,
1905,162/000792,,,,
1906,162/000799,,,,
1907,162/000800,,,,
1908,162/000805,,,,
1909,162/000808,,,,
1910,162/000814,,,,
1911,162/000821,,,,
1912,162/000822,,,,
1913,162/000825,,,,
1914,162/000826,,,,
1915,162/000836,,,,
1916,162/000838,,,,
1917,162/000845,,,,
1918,162/000848,,,,
1919,162/000852,,,,
1920,162/000854,,,,
1921,162/000855,,,,
1922,162/000858,,,,
1923,162/000861,,,,
1924,162/000870,,,,
1925,162/000871,,,,
1926,162/000872,,,,
1927,162/000872,,,,
1928,162/000880,,,,
1929,162/000882,,,,
1930,162/000892,,,,
1931,162/000895,,,,
1932,162/000904,,,,
1933,162/000906,,,,
1934,162/000925,,,,
1935,162/000931,,,,
1936,162/000938,,,,
1937,162/000944,,,,
1938,162/000950,,,,
1939,162/000953,,,,
1940,162/000955,,,,
1941,162/000961,,,,
1942,162/000961,,,,
1943,162/000969,,,,
1944,162/000978,,,,
1945,162/000982,,,,
1946,162/000986,,,,
1947,162/000987,,,,
1948,162/000995,,,,
1949,162/000996,,,,
1950,162/001002,,,,
1951,162/001021,,,,
1952,162/001037,,,,
1953,162/001065,,,,
1954,162/001073,,,,
1955,162/001079,,,,
1956,162/001084,,,,
1957,162/001091,,,,
1958,162/001096,,,,
1959,162/001099,,,,
1960,162/001111,,,,
1961,162/001115,,,,
1962,162/001117,,,,
1963,162/001118,,,,
1964,162/001121,,,,
1965,162/001123,,,,
1966,162/001133,,,,
1967,162/001134,,,,
1968,162/001141,,,,
1969,162/001142,,,,
1970,162/001146,,,,
1971,162/001161,,,,
1972,162/001172,,,,
1973,162/001174,,,,
1974,162/001185,,,,
1975,162/001189,,,,
1976,162/001190,,,,
1977,162/001191,,,,
1978,162/001193,,,,
1979,162/001195,,,,
1980,173/000001,,,,
1981,173/000001,,,,
1982,173/000001,,,,
1983,173/000001,,,,
1984,173/000002,,,,
1985,173/000002,,,,
1986,173/000002,,,,
1987,173/000002,,,,
1988,173/000003,,,,
1989,173/000003,,,,
1990,173/000003,,,,
1991,173/000004,,,,
1992,173/000004,,,,
1993,173/000004,,,,
1994,173/000004,,,,
1995,173/000005,,,,
1996,173/000005,,,,
1997,173/000005,,,,
1998,173/000006,,,,
1999,173/000006,,,,
2000,173/000006,,,,
2001,173/000007,,,,
2002,173/000007,,,,
2003,173/000007,,,,
2004,173/000008,,,,
2005,173/000008,,,,
2006,173/000008,,,,
2007,173/000009,,,,
2008,173/000009,,,,
2009,173/000009,,,,
2010,173/000010,,,,
2011,173/000010,,,,
2012,173/000010,,,,
2013,173/000011,,,,
2014,173/000011,,,,
2015,173/000011,,,,
2016,173/000012,,,,
2017,173/000012,,,,
2018,173/000012,,,,
2019,173/000013,,,,
2020,173/000013,,,,
2021,173/000013,,,,
2022,173/000014,,,,
2023,173/000014,,,,
2024,173/000014,,,,
2025,173/000015,,,,
2026,173/000015,,,,
2027,173/000015,,,,
2028,173/000016,,,,
2029,173/000016,,,,
2030,173/000016,,,,
2031,173/000017,,,,
2032,173/000017,,,,
2033,173/000017,,,,
2034,173/000018,,,,
2035,173/000018,,,,
2036,173/000018,,,,
2037,173/000019,,,,
2038,173/000019,,,,
2039,173/000020,,,,
2040,173/000020,,,,
2041,173/000020,,,,
2042,173/000021,,,,
2043,173/000021,,,,
2044,173/000021,,,,
2045,173/000022,,,,
2046,173/000022,,,,
2047,173/000023,,,,
2048,173/000023,,,,
2049,173/000023,,,,
2050,173/000024,,,,
2051,173/000024,,,,
2052,173/000024,,,,
2053,173/000025,,,,
2054,173/000025,,,,
2055,173/000026,,,,
2056,173/000026,,,,
2057,173/000026,,,,
2058,173/000027,,,,
2059,173/000027,,,,
2060,173/000027,,,,
2061,173/000028,,,,
2062,173/000028,,,,
2063,173/000029,,,,
2064,173/000029,,,,
2065,173/000030,,,,
2066,173/000030,,,,
2067,173/000031,,,,
2068,173/000031,,,,
2069,173/000032,,,,
2070,173/000032,,,,
2071,173/000033,,,,
2072,173/000033,,,,
2073,173/000034,,,,
2074,173/000034,,,,
2075,173/000035,,,,
2076,173/000035,,,,
2077,173/000035,,,,
2078,173/000036,,,,
2079,173/000036,,,,
2080,173/000036,,,,
2081,173/000037,,,,
2082,173/000037,,,,
2083,173/000037,,,,
2084,173/000037,,,,
2085,173/000038,,,,
2086,173/000038,,,,
2087,173/000039,,,,
2088,173/000039,,,,
2089,173/000040,,,,
2090,173/000040,,,,
2091,173/000040,,,,
2092,173/000041,,,,
2093,173/000041,,,,
2094,173/000041,,,,
2095,173/000042,,,,
2096,173/000042,,,,
2097,173/000042,,,,
2098,173/000043,,,,
2099,173/000043,,,,
2100,173/000043,,,,
2101,173/000044,,,,
2102,173/000044,,,,
2103,173/000044,,,,
2104,173/000045,,,,
2105,173/000045,,,,
2106,173/000045,,,,
2107,173/000046,,,,
2108,173/000046,,,,
2109,173/000046,,,,
2110,173/000047,,,,
2111,173/000047,,,,
2112,173/000047,,,,
2113,173/000048,,,,
2114,173/000048,,,,
2115,173/000049,,,,
2116,173/000049,,,,
2117,173/000050,,,,
2118,173/000050,,,,
2119,173/000051,,,,
2120,173/000051,,,,
2121,173/000052,,,,
2122,173/000052,,,,
2123,173/000052,,,,
2124,173/000053,,,,
2125,173/000053,,,,
2126,173/000053,,,,
2127,173/000054,,,,
2128,173/000054,,,,
2129,173/000054,,,,
2130,173/000055,,,,
2131,173/000055,,,,
2132,173/000055,,,,
2133,173/000056,,,,
2134,173/000056,,,,
2135,173/000056,,,,
2136,173/000057,,,,
2137,173/000057,,,,
2138,173/000057,,,,
2139,173/000058,,,,
2140,173/000058,,,,
2141,173/000058,,,,
2142,173/000059,,,,
2143,173/000059,,,,
2144,173/000059,,,,
2145,173/000060,,,,
2146,173/000060,,,,
2147,173/000060,,,,
2148,173/000061,,,,
2149,173/000061,,,,
2150,173/000061,,,,
2151,173/000062,,,,
2152,173/000062,,,,
2153,173/000062,,,,
2154,173/000063,,,,
2155,173/000063,,,,
2156,173/000063,,,,
2157,173/000064,,,,
2158,173/000064,,,,
2159,173/000064,,,,
2160,173/000065,,,,
2161,173/000065,,,,
2162,173/000065,,,,
2163,173/000066,,,,
2164,173/000066,,,,
2165,173/000066,,,,
2166,173/000067,,,,
2167,173/000067,,,,
2168,173/000067,,,,
2169,173/000068,,,,
2170,173/000068,,,,
2171,173/000068,,,,
2172,173/000069,,,,
2173,173/000069,,,,
2174,173/000069,,,,
2175,173/000070,,,,
2176,173/000070,,,,
2177,173/000070,,,,
2178,173/000071,,,,
2179,173/000071,,,,
2180,173/000071,,,,
2181,173/000072,,,,
2182,173/000072,,,,
2183,173/000072,,,,
2184,173/000073,,,,
2185,173/000073,,,,
2186,173/000073,,,,
2187,173/000074,,,,
2188,173/000074,,,,
2189,173/000074,,,,
2190,173/000075,,,,
2191,173/000075,,,,
2192,173/000075,,,,
2193,173/000076,,,,
2194,173/000076,,,,
2195,173/000076,,,,
2196,173/000077,,,,
2197,173/000077,,,,
2198,173/000077,,,,
2199,173/000078,,,,
2200,173/000078,,,,
2201,173/000078,,,,
2202,173/000079,,,,
2203,173/000079,,,,
2204,173/000079,,,,
2205,173/000080,,,,
2206,173/000080,,,,
2207,173/000080,,,,
2208,173/000081,,,,
2209,173/000081,,,,
2210,173/000081,,,,
2211,173/000082,,,,
2212,173/000082,,,,
2213,173/000082,,,,
2214,173/000083,,,,
2215,173/000083,,,,
2216,173/000083,,,,
2217,173/000084,,,,
2218,173/000084,,,,
2219,173/000085,,,,
2220,173/000085,,,,
2221,173/000085,,,,
2222,173/000086,,,,
2223,173/000086,,,,
2224,173/000086,,,,
2225,173/000087,,,,
2226,173/000087,,,,
2227,173/000087,,,,
2228,173/000088,,,,
2229,173/000088,,,,
2230,173/000088,,,,
2231,173/000089,,,,
2232,173/000089,,,,
2233,173/000089,,,,
2234,173/000090,,,,
2235,173/000090,,,,
2236,173/000090,,,,
2237,173/000091,,,,
2238,173/000091,,,,
2239,173/000091,,,,
2240,173/000092,,,,
2241,173/000092,,,,
2242,173/000092,,,,
2243,173/000093,,,,
2244,173/000093,,,,
2245,173/000093,,,,
2246,173/000094,,,,
2247,173/000094,,,,
2248,173/000094,,,,
2249,173/000095,,,,
2250,173/000095,,,,
2251,173/000095,,,,
2252,173/000096,,,,
2253,173/000096,,,,
2254,173/000097,,,,
2255,173/000097,,,,
2256,173/000097,,,,
2257,173/000098,,,,
2258,173/000098,,,,
2259,173/000099,,,,
2260,173/000099,,,,
2261,173/000099,,,,
2262,173/000100,,,,
2263,173/000100,,,,
2264,173/000101,,,,
2265,173/000101,,,,
2266,173/000101,,,,
2267,173/000102,,,,
2268,173/000102,,,,
2269,173/000102,,,,
2270,173/000103,,,,
2271,173/000103,,,,
2272,173/000104,,,,
2273,173/000104,,,,
2274,173/000105,,,,
2275,173/000105,,,,
2276,173/000106,,,,
2277,173/000106,,,,
2278,173/000107,,,,
2279,173/000107,,,,
2280,173/000108,,,,
2281,173/000108,,,,
2282,173/000109,,,,
2283,173/000109,,,,
2284,173/000110,,,,
2285,173/000110,,,,
2286,173/000111,,,,
2287,173/000111,,,,
2288,173/000112,,,,
2289,173/000112,,,,
2290,173/000113,,,,
2291,173/000113,,,,
2292,173/000114,,,,
2293,173/000114,,,,
2294,173/000115,,,,
2295,173/000115,,,,
2296,173/000116,,,,
2297,173/000116,,,,
2298,173/000117,,,,
2299,173/000117,,,,
2300,173/000118,,,,
2301,173/000118,,,,
2302,173/000119,,,,
2303,173/000119,,,,
2304,173/000120,,,,
2305,173/000120,,,,
2306,173/000121,,,,
2307,173/000121,,,,
2308,173/000122,,,,
2309,173/000122,,,,
2310,173/000123,,,,
2311,173/000123,,,,
2312,173/000124,,,,
2313,173/000124,,,,
2314,173/000125,,,,
2315,173/000126,,,,
2316,173/000126,,,,
2317,173/000127,,,,
2318,173/000127,,,,
2319,173/000128,,,,
2320,173/000129,,,,
2321,173/000129,,,,
2322,173/000130,,,,
2323,173/000130,,,,
2324,173/000131,,,,
2325,173/000131,,,,
2326,173/000132,,,,
2327,173/000132,,,,
2328,173/000133,,,,
2329,173/000133,,,,
2330,173/000134,,,,
2331,173/000134,,,,
2332,173/000135,,,,
2333,173/000135,,,,
2334,173/000136,,,,
2335,173/000136,,,,
2336,173/000137,,,,
2337,173/000137,,,,
2338,173/000138,,,,
2339,173/000139,,,,
2340,173/000140,,,,
2341,173/000141,,,,
2342,173/000142,,,,
2343,173/000143,,,,
2344,173/000144,,,,
2345,173/000145,,,,
2346,173/000146,,,,
2347,173/000147,,,,
2348,173/000148,,,,
2349,173/000149,,,,
2350,173/000150,,,,
2351,173/000151,,,,
2352,173/000152,,,,
2353,173/000153,,,,
2354,173/000154,,,,
2355,173/000155,,,,
2356,173/000156,,,,
2357,173/000157,,,,
2358,173/000158,,,,
2359,173/000159,,,,
2360,173/000160,,,,
2361,173/000161,,,,
2362,173/000162,,,,
2363,173/000163,,,,
2364,173/000164,,,,
2365,173/000165,,,,
2366,173/000166,,,,
2367,173/000167,,,,
2368,173/000168,,,,
2369,173/000169,,,,
2370,173/000170,,,,
2371,173/000171,,,,
2372,173/000172,,,,
2373,173/000173,,,,
2374,173/000174,,,,
2375,173/000175,,,,
2376,173/000176,,,,
2377,173/000177,,,,
2378,173/000178,,,,
2379,173/000179,,,,
2380,173/000180,,,,
2381,173/000181,,,,
2382,173/000182,,,,
2383,173/000183,,,,
2384,173/000184,,,,
2385,173/000186,,,,
2386,173/000187,,,,
2387,173/000188,,,,
2388,173/000189,,,,
2389,173/000190,,,,
2390,173/000191,,,,
2391,173/000192,,,,
2392,173/000193,,,,
2393,173/000194,,,,
2394,173/000195,,,,
2395,173/000197,,,,
2396,173/000198,,,,
2397,173/000199,,,,
2398,173/000200,,,,
2399,173/000201,,,,
2400,173/000202,,,,
2401,173/000203,,,,
2402,173/000204,,,,
2403,173/000205,,,,
2404,173/000206,,,,
2405,173/000207,,,,
2406,173/000208,,,,
2407,173/000209,,,,
2408,173/000210,,,,
2409,173/000211,,,,
2410,173/000212,,,,
2411,173/000213,,,,
2412,173/000214,,,,
2413,173/000215,,,,
2414,173/000216,,,,
2415,173/000217,,,,
2416,200/000001,,,,
2417,231/000001,,,,
2418,245/000001,,,,
2419,245/000002,,,,
2420,245/000003,,,,
2421,250/000001,,,,
2422,250/000002,,,,
2423,250/000002,,,,
2424,250/000003,,,,
2425,250/000003,,,,
2426,250/000004,,,,
2427,250/000005,,,,
2428,250/000006,,,,
2429,250/000007,,,,
2430,250/000008,,,,
2431,410/000001,,,,
2432,410/000001,,,,
2433,410/000001,,,,
2434,410/000002,,,,
2435,410/000002,,,,
2436,410/000004,,,,
2437,410/000004,,,,
2438,410/000004,,,,
2439,410/000004,,,,
2440,410/000004,,,,
2441,410/000004,,,,
2442,410/000005,,,,
2443,410/000005,,,,
2444,410/000005,,,,
2445,410/000006,,,,
2446,410/000006,,,,
2447,410/000006,,,,
2448,410/000007,,,,
2449,410/000007,,,,
2450,410/000007,,,,
2451,410/000008,,,,
2452,410/000008,,,,
2453,410/000010,,,,
2454,410/000014,,,,
2455,410/000014,,,,
2456,410/000016,,,,
2457,410/000016,,,,
2458,410/000016,,,,
2459,410/000016,,,,
2460,410/000017,,,,
2461,410/000020,,,,
2462,410/000020,,,,
2463,410/000020,,,,
2464,410/000021,,,,
2465,430/000001,,,,
2466,430/000001,,,,
2467,430/000001,,,,
2468,430/000002,,,,
2469,430/000002,,,,
2470,430/000002,,,,
2471,430/000003,,,,
2472,430/000003,,,,
2473,430/000004,,,,
2474,430/000004,,,,
2475,430/000004,,,,
2476,430/000005,,,,
2477,430/000005,,,,
2478,430/000005,,,,
2479,430/000006,,,,
